Country or Area,Year,Value,Region,GDP,Cereals in Diet,Cereal Import,Irrigated Arable Land,Food Import
Afghanistan,2020-2022,28.4,Asia,,,,,
Afghanistan,2019-2021,22.6,Asia,1973.5643033268004,,,4.9,238.0
Afghanistan,2018-2020,19.8,Asia,2118.9894115713664,71.0,38.1,4.9,284.0
Afghanistan,2017-2019,17.3,Asia,2124.82208629848,71.0,40.9,4.9,311.0
Afghanistan,2016-2018,17.3,Asia,2076.7223835019545,72.0,41.3,4.9,378.0
Afghanistan,2015-2017,15.1,Asia,2082.684568359123,72.0,34.2,4.9,388.0
Afghanistan,2014-2016,14.8,Asia,2087.5967208338247,72.0,27.0,4.9,411.0
Albania,2020-2022,7.5,Europe,16049.487050074817,,,,
Albania,2019-2021,7.7,Europe,14668.060771985174,,,13.1,24.0
Albania,2018-2020,8.8,Europe,13989.88695556142,35.0,38.5,13.0,20.0
Albania,2017-2019,10.0,Europe,13558.871371712865,35.0,38.3,13.0,18.0
Albania,2016-2018,11.0,Europe,12782.658601501784,36.0,37.3,12.9,21.0
Albania,2015-2017,10.5,Europe,12169.562031636726,36.0,37.6,12.9,25.0
Albania,2014-2016,10.0,Europe,11665.665970882337,37.0,38.2,12.9,26.0
Algeria,2020-2022,5.6,Africa,12277.339056307073,,,,
Algeria,2019-2021,6.2,Africa,11914.275591405349,,,0.6,28.0
Algeria,2018-2020,6.9,Africa,11860.13590349617,51.0,73.8,0.6,25.0
Algeria,2017-2019,9.3,Africa,11979.221373369044,51.0,72.5,0.6,22.0
Algeria,2016-2018,11.4,Africa,11834.236388044723,50.0,74.3,0.6,23.0
Algeria,2015-2017,12.7,Africa,11855.58287743569,50.0,77.4,0.6,25.0
Algeria,2014-2016,13.0,Africa,12271.796724293708,50.0,76.6,0.6,22.0
Angola,2020-2022,31.2,Africa,6621.532409480001,,,,
Angola,2019-2021,30.4,Africa,6591.060017384186,,,0.1,7.0
Angola,2018-2020,26.9,Africa,6764.557266396088,62.0,42.9,0.1,7.0
Angola,2017-2019,24.0,Africa,7047.43195170066,61.0,41.8,0.1,7.0
Angola,2014-2016,21.0,Africa,7474.761724763089,59.0,46.4,0.1,8.0
Antigua and Barbuda,2020-2022,7.1,Central America/Caribbean,22378.418965621036,,,,
Antigua and Barbuda,2019-2021,7.1,Central America/Caribbean,21892.94519061905,,,0.9,401.0
Argentina,2020-2022,13.1,South America,23682.269940822967,,,,
Argentina,2019-2021,13.0,South America,22516.685284034957,,,0.9,5.0
Argentina,2018-2020,12.6,South America,22363.26437915415,35.0,-139.0,0.9,6.0
Argentina,2017-2019,12.9,South America,23299.684339895495,35.0,-133.4,0.9,5.0
Argentina,2016-2018,11.2,South America,22399.695493407646,36.0,-167.5,0.9,5.0
Argentina,2015-2017,8.6,South America,21336.72893226583,36.0,-152.3,0.9,3.0
Argentina,2014-2016,5.8,South America,20032.28018320089,36.0,-140.5,0.9,2.0
Armenia,2018-2020,0.8,Asia,14193.403535146885,44.0,73.5,7.3,24.0
Armenia,2017-2019,1.1,Asia,13661.3129864631,43.0,73.0,7.4,25.0
Armenia,2016-2018,1.2,Asia,12342.005119359566,43.0,55.0,7.5,26.0
Australia,2020-2022,3.4,Oceania,57212.96695302797,,,,
Australia,2019-2021,3.6,Oceania,53640.852773014885,,,0.3,5.0
Australia,2018-2020,3.3,Oceania,51722.82113975887,24.0,-132.6,0.3,5.0
Australia,2017-2019,3.8,Oceania,50167.40607271087,24.0,-134.9,0.3,5.0
Australia,2016-2018,3.6,Oceania,48614.21264369407,24.0,-181.2,0.3,5.0
Australia,2015-2017,3.4,Oceania,47300.36309588988,24.0,-189.9,0.3,5.0
Australia,2014-2016,2.8,Oceania,46794.34302393685,24.0,-209.7,0.3,5.0
Austria,2020-2022,1.6,Europe,61719.12175101158,,,,
Austria,2019-2021,1.3,Europe,58975.246885739994,,,1.2,7.0
Austria,2018-2020,0.9,Europe,57966.95262934454,27.0,17.8,1.2,7.0
Austria,2017-2019,1.1,Europe,56938.384816543956,28.0,17.1,1.2,7.0
Austria,2016-2018,1.1,Europe,54598.31606162871,28.0,14.9,1.2,7.0
Austria,2015-2017,1.2,Europe,52240.969281440215,28.0,14.5,1.2,7.0
Austria,2014-2016,1.1,Europe,50449.87884106458,28.0,12.6,1.3,7.0
Bahamas,2020-2022,3.4,Central America/Caribbean,,,,,
Bahamas,2019-2021,3.4,Central America/Caribbean,,,,0.1,75.0
Bangladesh,2020-2022,11.0,Asia,6607.406400951871,,,,
Bangladesh,2019-2021,10.7,Asia,6042.0671208966605,,,60.4,25.0
Bangladesh,2018-2020,10.5,Asia,5617.113409774676,77.0,11.2,54.3,22.0
Bangladesh,2017-2019,10.6,Asia,5259.182978840121,78.0,12.3,48.4,20.0
Bangladesh,2016-2018,11.6,Asia,4879.011561561375,78.0,12.9,42.5,19.0
Bangladesh,2015-2017,12.4,Asia,4535.3532388737485,78.0,12.0,42.4,21.0
Bangladesh,2014-2016,13.3,Asia,4257.5234448426845,79.0,9.5,42.3,20.0
Barbados,2020-2022,7.4,Central America/Caribbean,15864.797771159996,,,,
Barbados,2019-2021,7.4,Central America/Caribbean,15462.801493155072,,,12.6,84.0
Belgium,2020-2022,1.5,Europe,59479.30751837836,,,,
Belgium,2019-2021,1.3,Europe,56405.14886098826,,,0.8,7.0
Belgium,2018-2020,1.1,Europe,54301.76879679563,26.0,65.1,0.8,7.0
Belize,2020-2022,5.9,Central America/Caribbean,9751.427153416264,,,,
Belize,2019-2021,6.0,Central America/Caribbean,9071.60913608326,,,0.2,32.0
Belize,2018-2020,6.0,Central America/Caribbean,8852.040571826075,37.0,21.4,0.2,30.0
Belize,2017-2019,6.1,Central America/Caribbean,9098.425822860821,38.0,18.3,0.2,29.0
Benin,2020-2022,15.3,Africa,3695.425195767022,,,,
Benin,2019-2021,13.8,Africa,3440.158149493043,,,0.5,30.0
Benin,2018-2020,13.8,Africa,3256.17844958901,67.0,42.2,0.5,39.0
Benin,2017-2019,14.2,Africa,3112.4665049681244,68.0,46.3,0.4,52.0
Benin,2016-2018,14.4,Africa,2982.7856612924447,68.0,49.3,0.4,68.0
Benin,2015-2017,13.1,Africa,2875.9039001670794,68.0,51.8,0.4,68.0
Benin,2014-2016,10.4,Africa,2813.2443092725503,68.0,51.7,0.3,61.0
Bosnia and Herzegovina,2020-2022,3.1,Europe,17980.9345644924,,,,
Bosnia and Herzegovina,2019-2021,2.8,Europe,16561.52610093585,,,0.1,23.0
Bosnia and Herzegovina,2018-2020,1.9,Europe,15593.34477619827,45.0,25.0,0.1,24.0
Bosnia and Herzegovina,2017-2019,1.5,Europe,14834.038186308833,45.0,30.7,0.1,24.0
Bosnia and Herzegovina,2016-2018,1.3,Europe,13751.072053084557,46.0,30.7,0.1,24.0
Bosnia and Herzegovina,2015-2017,1.8,Europe,12759.339723459134,46.0,34.9,0.1,26.0
Bosnia and Herzegovina,2014-2016,1.5,Europe,11948.074083824567,47.0,34.9,0.1,27.0
Botswana,2020-2022,26.7,Africa,16358.776015134901,,,,
Botswana,2019-2021,25.4,Africa,15504.14819112818,,,0.0,14.0
Botswana,2018-2020,23.7,Africa,15128.292848119121,54.0,81.6,0.0,13.0
Botswana,2017-2019,23.1,Africa,15245.90514002029,54.0,91.2,0.0,11.0
Botswana,2016-2018,22.8,Africa,15085.198503732636,54.0,89.3,0.0,9.0
Botswana,2015-2017,21.5,Africa,14451.440637149382,53.0,86.4,0.0,9.0
Botswana,2014-2016,18.4,Africa,14345.37433487046,52.0,78.6,0.0,8.0
Brazil,2020-2022,9.9,South America,16327.31340864731,,,,
Brazil,2019-2021,7.3,South America,15489.381400145621,,,1.0,4.0
Brazil,2018-2020,3.5,South America,15059.70003946595,31.0,-28.3,1.0,4.0
Brazil,2017-2019,1.6,South America,14918.952556711976,32.0,-26.1,0.9,4.0
Brazil,2016-2018,1.7,South America,14552.35917994465,33.0,-17.5,0.9,4.0
Brazil,2015-2017,1.8,South America,14459.55172664544,32.0,-22.5,0.9,4.0
Brazil,2014-2016,1.9,South America,14855.198384339239,33.0,-20.7,0.8,4.0
Bulgaria,2020-2022,3.5,Europe,28997.156925873966,,,,
Bulgaria,2019-2021,2.9,Europe,26193.134720779675,,,1.3,10.0
Bulgaria,2018-2020,2.4,Europe,24494.11791204313,36.0,-268.8,1.3,10.0
Bulgaria,2017-2019,1.9,Europe,23218.751229617716,39.0,-160.5,1.3,9.0
Bulgaria,2016-2018,2.1,Europe,21520.100827188813,41.0,-195.2,1.3,9.0
Bulgaria,2015-2017,2.4,Europe,19978.710829662017,42.0,-189.5,1.2,9.0
Bulgaria,2014-2016,1.9,Europe,18694.371890805975,43.0,-192.2,1.2,9.0
Burkina Faso,2020-2022,21.2,Africa,2387.39370221545,,,,
Burkina Faso,2019-2021,18.5,Africa,2271.956688125159,,,0.2,10.0
Burkina Faso,2018-2020,15.4,Africa,2170.3649565281307,59.0,6.4,0.2,11.0
Burkina Faso,2017-2019,12.6,Africa,2092.746147190946,62.0,9.1,0.2,13.0
Burkina Faso,2016-2018,11.7,Africa,1970.7063295292053,65.0,10.9,0.2,14.0
Burkina Faso,2015-2017,10.9,Africa,1823.1680573221845,64.0,10.4,0.2,15.0
Burkina Faso,2014-2016,10.0,Africa,1709.7590704475494,64.0,9.0,0.2,16.0
Cabo Verde,2020-2022,6.3,Africa,7645.028077748243,,,,
Cabo Verde,2019-2021,6.4,Africa,7325.36059685074,,,0.9,389.0
Cabo Verde,2018-2020,7.6,Africa,7397.094195383764,52.0,100.0,0.9,350.0
Cabo Verde,2017-2019,8.6,Africa,7581.610241526315,52.0,100.0,0.9,365.0
Cabo Verde,2016-2018,9.6,Africa,7103.600158226526,53.0,98.6,0.9,
Cambodia,2020-2022,14.8,Asia,4890.084680874787,,,,
Cambodia,2019-2021,15.1,Asia,4658.140205010609,,,1.5,6.0
Cambodia,2018-2020,14.0,Asia,4496.118587376802,69.0,-7.1,1.5,6.0
Cambodia,2017-2019,13.6,Asia,4315.123473429038,69.0,-6.7,1.5,6.0
Cambodia,2016-2018,14.0,Asia,4000.036387537389,69.0,-7.0,1.5,6.0
Cambodia,2015-2017,14.3,Asia,3697.556846628737,69.0,-7.0,1.5,6.0
Cambodia,2014-2016,16.9,Asia,3439.5399751290643,70.0,-6.1,1.5,7.0
Cameroon,2020-2022,26.7,Africa,4120.7278066797435,,,,
Cameroon,2019-2021,26.7,Africa,3956.654881665309,,,0.1,28.0
Cameroon,2018-2020,27.3,Africa,3869.6298987284413,57.0,31.4,0.1,26.0
Cameroon,2017-2019,28.1,Africa,3809.718328932717,56.0,31.0,0.1,25.0
Cameroon,2016-2018,28.2,Africa,3690.8208695764984,56.0,28.9,0.1,25.0
Cameroon,2015-2017,26.6,Africa,3562.6732232899926,55.0,29.4,0.1,25.0
Cameroon,2014-2016,22.3,Africa,3455.416612184101,55.0,29.1,0.1,21.0
Canada,2020-2022,1.2,North America,52883.110392632545,,,,
Canada,2019-2021,1.0,North America,50027.39702455188,,,0.1,7.0
Canada,2018-2020,0.9,North America,49017.17759772689,29.0,-85.6,0.1,7.0
Canada,2017-2019,0.7,North America,49380.7807454541,28.0,-84.7,0.1,7.0
Canada,2016-2018,0.6,North America,48260.75903597247,28.0,-79.6,0.1,7.0
Central African Republic,2020-2022,61.8,Africa,928.8904084301386,,,,
Central African Republic,2019-2021,61.8,Africa,905.9060737983136,,,0.0,58.0
Central African Republic,2018-2020,61.8,Africa,889.5868382911794,52.0,,0.0,61.0
Chile,2020-2022,4.1,South America,27829.037943692212,,,,
Chile,2019-2021,3.8,South America,26292.833667836196,,,1.5,9.0
Chile,2018-2020,3.6,South America,25368.65483613542,42.0,53.9,1.5,8.0
Chile,2017-2019,3.6,South America,25237.213947075437,43.0,48.1,1.5,8.0
Chile,2016-2018,3.4,South America,24534.578998001936,43.0,42.9,1.5,8.0
Chile,2015-2017,3.1,South America,23576.895633953125,42.0,41.4,1.5,7.0
Chile,2014-2016,2.9,South America,22987.734050231953,42.0,40.3,1.5,7.0
Comoros,2020-2022,27.4,Africa,3599.294895149342,,,,
Comoros,2019-2021,27.4,Africa,3465.2088470942413,,,0.1,296.0
Costa Rica,2020-2022,2.9,Central America/Caribbean,23086.609034071746,,,,
Costa Rica,2019-2021,2.8,Central America/Caribbean,22315.133327896216,,,3.1,14.0
Costa Rica,2018-2020,2.6,Central America/Caribbean,21815.438248509894,33.0,89.5,3.1,15.0
Costa Rica,2017-2019,2.4,Central America/Caribbean,21306.954136829852,32.0,87.5,3.1,16.0
Costa Rica,2016-2018,2.2,Central America/Caribbean,20070.235159448737,32.0,85.8,3.1,18.0
Costa Rica,2015-2017,1.9,Central America/Caribbean,18663.825037430477,32.0,85.7,2.9,19.0
Costa Rica,2014-2016,1.8,Central America/Caribbean,17242.800856535076,33.0,85.5,2.7,17.0
Côte d'Ivoire,2020-2022,9.7,Africa,,,,,
Côte d'Ivoire,2019-2021,9.4,Africa,,,,0.2,12.0
Côte d'Ivoire,2018-2020,9.1,Africa,,71.0,45.0,0.2,13.0
Côte d'Ivoire,2017-2019,9.2,Africa,,72.0,42.3,0.2,12.0
Côte d'Ivoire,2016-2018,8.4,Africa,,72.0,41.4,0.2,12.0
Côte d'Ivoire,2015-2017,7.5,Africa,,72.0,39.5,0.2,11.0
Côte d'Ivoire,2014-2016,6.2,Africa,,72.0,39.6,0.2,11.0
Croatia,2020-2022,1.9,Europe,34930.53293245888,,,,
Croatia,2019-2021,1.6,Europe,32000.01769364346,,,0.8,17.0
Croatia,2018-2020,1.3,Europe,30062.53232011077,30.0,-44.8,0.7,17.0
Croatia,2017-2019,0.9,Europe,29234.79299800355,30.0,-31.1,0.6,17.0
Croatia,2016-2018,0.8,Europe,27125.517724034984,31.0,-26.9,0.6,17.0
Croatia,2015-2017,0.6,Europe,25268.45133829932,32.0,-26.0,0.5,17.0
Croatia,2014-2016,0.6,Europe,23653.127655792297,33.0,-18.7,0.5,18.0
Czechia,2020-2022,2.3,Europe,46134.19930572124,,,,
Czechia,2019-2021,1.6,Europe,44223.28143828097,,,0.5,4.0
Czechia,2018-2020,0.8,Europe,42727.87785233752,26.0,-42.0,0.6,4.0
Czechia,2014-2016,0.7,Europe,34166.48905862505,31.0,-62.1,0.5,5.0
Democratic Republic of the Congo,2020-2022,40.7,Africa,,,,,
Democratic Republic of the Congo,2019-2021,39.2,Africa,,,,0.0,4.0
Democratic Republic of the Congo,2018-2020,38.5,Africa,,79.0,19.8,0.0,4.0
Denmark,2020-2022,1.8,Europe,66573.84628134455,,,,
Denmark,2019-2021,1.4,Europe,61875.575055725094,,,8.0,8.0
Denmark,2018-2020,1.1,Europe,59408.59517783143,27.0,-8.4,7.9,8.0
Denmark,2017-2019,1.1,Europe,57583.43600766126,28.0,-9.3,8.0,8.0
Denmark,2016-2018,1.1,Europe,54938.54962872675,28.0,-13.0,6.8,8.0
Denmark,2015-2017,1.1,Europe,52126.00855889483,29.0,-17.5,6.2,8.0
Denmark,2014-2016,1.0,Europe,49640.930753071036,29.0,-16.7,6.4,8.0
Djibouti,2020-2022,16.5,Africa,5444.761139440432,,,,
Djibouti,2019-2021,16.5,Africa,5137.1442581005,,,0.0,40.0
Dominican Republic,2020-2022,22.0,Central America/Caribbean,20364.77104921566,,,,
Dominican Republic,2019-2021,22.2,Central America/Caribbean,19067.50139065726,,,6.5,25.0
Dominican Republic,2018-2020,23.2,Central America/Caribbean,18184.61831727132,27.0,65.8,6.4,23.0
Dominican Republic,2017-2019,22.4,Central America/Caribbean,17790.233636178036,28.0,65.8,6.4,22.0
Dominican Republic,2016-2018,23.4,Central America/Caribbean,16780.046173176965,28.0,66.1,6.4,22.0
Dominican Republic,2015-2017,23.7,Central America/Caribbean,15666.878395070229,28.0,66.1,6.4,22.0
Dominican Republic,2014-2016,24.3,Central America/Caribbean,14599.28946960312,29.0,66.3,6.4,21.0
Ecuador,2020-2022,13.0,South America,11843.916502129272,,,,
Ecuador,2019-2021,12.8,South America,11527.641678939899,,,6.9,7.0
Ecuador,2018-2020,11.6,South America,11565.962772722296,45.0,34.7,6.9,7.0
Ecuador,2017-2019,9.9,South America,11813.403928842346,45.0,36.0,6.9,6.0
Ecuador,2016-2018,8.4,South America,11545.259775955745,44.0,34.2,6.9,6.0
Ecuador,2015-2017,7.1,South America,11273.193934407283,44.0,30.2,6.8,6.0
Ecuador,2014-2016,6.0,South America,11282.934855303489,42.0,25.6,6.7,6.0
Egypt,2020-2022,8.8,Africa,13730.93049697918,,,,
Egypt,2019-2021,7.1,Africa,12794.135669399378,,,3.9,45.0
Egypt,2018-2020,6.7,Africa,12192.762146796545,66.0,47.4,3.9,48.0
Egypt,2017-2019,7.4,Africa,11637.370301755167,66.0,47.0,3.9,47.0
Egypt,2016-2018,8.6,Africa,11075.08410445616,66.0,47.8,3.8,44.0
Egypt,2015-2017,8.7,Africa,10826.331751751362,66.0,44.2,3.8,46.0
Egypt,2014-2016,8.4,Africa,10596.968492970162,66.0,43.3,3.8,46.0
El Salvador,2020-2022,16.2,Central America/Caribbean,9999.687029549981,,,,
El Salvador,2019-2021,14.7,Central America/Caribbean,9436.183835815491,,,2.2,36.0
El Salvador,2018-2020,15.1,Central America/Caribbean,9063.350648668018,51.0,53.5,2.5,34.0
El Salvador,2017-2019,14.6,Central America/Caribbean,9015.892249933078,49.0,51.4,2.7,29.0
El Salvador,2016-2018,14.0,Central America/Caribbean,8605.482418364058,48.0,47.8,2.9,29.0
El Salvador,2015-2017,13.7,Central America/Caribbean,8168.256179583644,48.0,46.2,2.7,28.0
El Salvador,2014-2016,13.8,Central America/Caribbean,7739.917093279651,49.0,44.5,2.6,29.0
Estonia,2020-2022,0.7,Europe,43205.35434880716,,,,
Estonia,2019-2021,0.8,Europe,40641.95642440706,,,0.1,8.0
Estonia,2018-2020,0.8,Europe,38286.37904700534,25.0,-138.4,0.1,8.0
Estonia,2017-2019,0.9,Europe,36413.073655016684,27.0,-129.7,0.1,8.0
Estonia,2016-2018,1.0,Europe,33848.26910063186,29.0,-343.3,0.1,9.0
Estonia,2015-2017,0.8,Europe,31436.87037831574,29.0,-341.8,0.1,9.0
Estonia,2014-2016,0.9,Europe,29811.381185601622,31.0,-306.9,0.0,9.0
Eswatini,2020-2022,18.3,Africa,9770.02602985515,,,,
Eswatini,2019-2021,18.3,Africa,9129.913877381305,,,2.9,16.0
Ethiopia,2020-2022,21.1,Africa,2583.3756519103194,,,,
Ethiopia,2019-2021,19.6,Africa,2404.243592391725,,,0.8,81.0
Ethiopia,2018-2020,16.4,Africa,2256.930938510199,75.0,6.6,0.8,69.0
Ethiopia,2017-2019,14.1,Africa,2126.4378938846726,75.0,7.1,0.8,63.0
Ethiopia,2016-2018,14.8,Africa,1984.5964107260122,75.0,8.3,0.8,68.0
Ethiopia,2015-2017,15.0,Africa,1822.5024439698136,75.0,8.3,0.8,64.0
Ethiopia,2014-2016,14.5,Africa,1656.0547778552375,75.0,8.2,0.7,59.0
Fiji,2020-2022,6.3,Oceania,12379.155820225491,,,,
Fiji,2019-2021,4.2,Oceania,12271.702292238238,,,0.2,37.0
Fiji,2018-2020,2.0,Oceania,13005.111219601245,50.0,89.2,0.2,35.0
Finland,2020-2022,2.6,Europe,55346.14754029232,,,,
Finland,2019-2021,2.4,Europe,52941.09755116524,,,0.2,6.0
Finland,2018-2020,1.9,Europe,51232.05922653332,32.0,-12.9,0.2,6.0
Finland,2017-2019,2.0,Europe,49653.673984169924,32.0,-11.8,0.2,6.0
Finland,2016-2018,2.1,Europe,47361.304264151426,32.0,-16.9,0.2,6.0
Finland,2015-2017,2.3,Europe,45000.762256734924,32.0,-23.5,0.2,7.0
Finland,2014-2016,2.4,Europe,43063.18512526603,32.0,-26.1,0.2,7.0
France,2020-2022,1.6,Europe,51663.74857453886,,,,
France,2019-2021,1.0,Europe,49999.880311876484,,,5.2,9.0
France,2018-2020,0.7,Europe,48391.13153254939,33.0,-104.4,5.2,9.0
France,2017-2019,0.7,Europe,47205.16645918952,33.0,-69.5,5.1,9.0
France,2016-2018,0.9,Europe,44679.71741493986,34.0,-116.7,5.0,9.0
France,2015-2017,1.2,Europe,42783.89185953684,34.0,-115.0,5.0,9.0
France,2014-2016,1.6,Europe,41306.21261081298,34.0,-123.4,5.0,8.0
Gambia,2020-2022,27.0,Africa,,,,,
Gambia,2019-2021,27.1,Africa,,,,0.5,209.0
Gambia,2018-2020,25.7,Africa,,58.0,71.7,0.5,158.0
Gambia,2017-2019,24.6,Africa,,58.0,73.2,0.5,138.0
Gambia,2016-2018,23.6,Africa,,60.0,65.3,0.5,151.0
Gambia,2015-2017,23.6,Africa,,61.0,59.5,0.5,155.0
Georgia,2020-2022,9.7,Asia,17316.96346536197,,,,
Georgia,2019-2021,9.5,Asia,15820.827726902013,,,1.6,27.0
Georgia,2018-2020,9.5,Asia,14989.890472914345,52.0,63.2,1.7,29.0
Georgia,2017-2019,7.3,Asia,14603.5822340684,53.0,67.1,1.7,30.0
Georgia,2016-2018,7.5,Asia,13681.42002700625,53.0,65.4,1.8,34.0
Georgia,2015-2017,7.9,Asia,12845.786732250139,54.0,64.7,3.5,38.0
Georgia,2014-2016,7.0,Asia,12174.400005313159,55.0,61.4,5.1,39.0
Germany,2020-2022,1.4,Europe,59477.00389231573,,,,
Germany,2019-2021,1.1,Europe,57559.645620868796,,,1.9,5.0
Germany,2018-2020,0.7,Europe,56358.61335085411,26.0,-0.3,1.9,5.0
Germany,2017-2019,0.7,Europe,55221.60666276582,27.0,-1.0,1.9,5.0
Germany,2016-2018,0.7,Europe,52948.99334758503,28.0,-6.7,1.9,5.0
Germany,2015-2017,0.8,Europe,50420.30683483315,28.0,-12.1,1.9,5.0
Germany,2014-2016,1.0,Europe,48400.33867600708,28.0,-12.1,2.0,5.0
Ghana,2020-2022,6.2,Africa,6018.099885538076,,,,
Ghana,2019-2021,5.6,Africa,5709.527706242702,,,1.0,16.0
Ghana,2018-2020,6.0,Africa,5459.829647894507,66.0,36.2,1.0,14.0
Ghana,2017-2019,6.2,Africa,5250.233544476302,66.0,36.3,1.0,12.0
Ghana,2016-2018,6.9,Africa,4996.534753379366,66.0,34.7,1.0,13.0
Ghana,2015-2017,6.0,Africa,4920.976485687478,66.0,34.5,1.0,15.0
Ghana,2014-2016,5.1,Africa,5069.8901105302075,65.0,32.0,0.7,16.0
Greece,2020-2022,1.5,Europe,32182.06509328849,,,,
Greece,2019-2021,1.5,Europe,30289.077103012092,,,15.3,16.0
Greece,2018-2020,1.7,Europe,29729.993119837494,28.0,32.4,15.0,16.0
Greece,2017-2019,2.3,Europe,29792.772132659997,29.0,33.1,14.5,17.0
Greece,2016-2018,3.2,Europe,28578.070098778724,31.0,28.7,14.0,18.0
Greece,2015-2017,3.2,Europe,27625.67508646287,32.0,25.3,13.4,19.0
Greece,2014-2016,2.6,Europe,26965.742042934256,32.0,20.3,12.9,19.0
Grenada,2020-2022,6.6,Central America/Caribbean,15335.041523218462,,,,
Grenada,2019-2021,7.5,Central America/Caribbean,15021.63510041318,,,5.9,327.0
Grenada,2018-2020,8.3,Central America/Caribbean,15244.162933852613,26.0,100.0,5.9,338.0
Grenada,2017-2019,8.3,Central America/Caribbean,15562.996227074453,29.0,100.0,5.9,311.0
Grenada,2016-2018,8.3,Central America/Caribbean,14817.489093776856,30.0,100.0,5.9,296.0
Guatemala,2020-2022,21.1,Central America/Caribbean,9842.696043609374,,,,
Guatemala,2019-2021,20.7,Central America/Caribbean,9250.250173124614,,,3.2,25.0
Guatemala,2018-2020,19.2,Central America/Caribbean,8857.521211507637,49.0,52.9,3.2,23.0
Guatemala,2017-2019,18.1,Central America/Caribbean,8678.58956818115,50.0,51.5,3.2,22.0
Guatemala,2016-2018,17.1,Central America/Caribbean,8405.5603396584,49.0,47.8,3.2,21.0
Guatemala,2015-2017,17.0,Central America/Caribbean,8246.134639468391,49.0,46.9,3.2,20.0
Guatemala,2014-2016,16.1,Central America/Caribbean,8058.226759432175,49.0,45.7,3.2,20.0
Guinea,2020-2022,49.5,Africa,2950.1707774631172,,,,
Guinea,2019-2021,48.9,Africa,2772.1918483317436,,,0.4,13.0
Guinea,2018-2020,49.7,Africa,2644.7355454826507,63.0,25.5,0.4,16.0
Guinea,2017-2019,49.7,Africa,2522.600666148043,63.0,26.4,0.4,21.0
Guinea,2016-2018,49.7,Africa,2319.937936828314,63.0,27.8,0.4,26.0
Guinea,2015-2017,47.1,Africa,2072.5638961827576,62.0,26.3,0.4,28.0
Guinea,2014-2016,44.3,Africa,1869.8714830696272,62.0,26.7,0.4,36.0
Guinea-Bissau,2020-2022,32.0,Africa,2038.6509113024943,,,,
Guinea-Bissau,2019-2021,29.2,Africa,1965.4087698638523,,,0.9,62.0
Guinea-Bissau,2018-2020,21.0,Africa,1923.9261423241805,66.0,,0.9,57.0
Guinea-Bissau,2017-2019,12.5,Africa,1913.1430247239769,65.0,,0.9,49.0
Guinea-Bissau,2016-2018,8.3,Africa,1821.9484365665842,65.0,,0.9,45.0
Haiti,2020-2022,42.9,Central America/Caribbean,3207.061135060079,,,,
Haiti,2019-2021,45.2,Central America/Caribbean,3186.7998272528034,,,3.5,142.0
Haiti,2018-2020,48.8,Central America/Caribbean,3222.5759078373935,55.0,82.5,3.5,133.0
Honduras,2020-2022,23.5,Central America/Caribbean,6066.517196608479,,,,
Honduras,2019-2021,17.9,Central America/Caribbean,5770.065700267874,,,0.8,18.0
Honduras,2018-2020,14.6,Central America/Caribbean,5618.830393165052,44.0,60.2,0.8,17.0
Honduras,2017-2019,14.0,Central America/Caribbean,5664.7999310057885,44.0,59.4,0.8,16.0
Honduras,2016-2018,14.1,Central America/Caribbean,5395.509607953495,45.0,57.6,0.8,16.0
Honduras,2015-2017,14.1,Central America/Caribbean,5073.574534155984,45.0,58.1,0.8,16.0
Honduras,2014-2016,14.2,Central America/Caribbean,4713.8601642865915,45.0,58.9,0.8,15.0
Hungary,2020-2022,3.0,Europe,37616.630628298044,,,,
Hungary,2019-2021,2.1,Europe,35196.267234151834,,,2.1,4.0
Hungary,2018-2020,1.4,Europe,33574.78370744605,29.0,-90.5,2.1,4.0
Hungary,2017-2019,0.8,Europe,32016.864173418242,29.0,-86.0,2.2,4.0
Hungary,2016-2018,0.9,Europe,29782.31799800221,29.0,-82.1,2.3,4.0
Hungary,2015-2017,1.1,Europe,28078.981569094816,29.0,-100.3,2.3,4.0
Hungary,2014-2016,1.4,Europe,26810.769426815048,29.0,-64.3,2.3,4.0
Iceland,2020-2022,1.6,Europe,60526.84297636945,,,,
Iceland,2019-2021,1.3,Europe,57369.105042264295,,,0.0,10.0
Iceland,2018-2020,1.5,Europe,57036.573219672566,23.0,83.4,0.0,10.0
Iceland,2017-2019,1.5,Europe,57481.4358495898,24.0,85.9,,10.0
Iceland,2016-2018,1.5,Europe,55438.88562619113,24.0,88.9,,9.0
Iceland,2015-2017,1.7,Europe,52773.317783437116,24.0,91.3,,9.0
Iceland,2014-2016,1.7,Europe,49559.476679607294,24.0,94.1,,8.0
Indonesia,2017-2019,0.8,Asia,11658.015005869951,65.0,13.7,3.6,9.0
Indonesia,2016-2018,0.9,Asia,11032.017425983207,66.0,13.7,3.6,9.0
Indonesia,2015-2017,0.9,Asia,10547.932120442696,68.0,13.6,3.6,8.0
Indonesia,2014-2016,0.7,Asia,10311.953561410306,69.0,14.2,3.6,8.0
Iran (Islamic Republic of),2020-2022,7.4,Asia,,,,,
Iran (Islamic Republic of),2019-2021,7.7,Asia,,,,5.9,17.0
Iran (Islamic Republic of),2018-2020,8.7,Asia,,53.0,36.3,5.9,13.0
Iran (Islamic Republic of),2017-2019,8.4,Asia,,54.0,39.3,5.9,11.0
Iran (Islamic Republic of),2016-2018,8.7,Asia,,54.0,36.8,5.9,10.0
Iran (Islamic Republic of),2015-2017,9.3,Asia,,55.0,36.1,5.9,11.0
Iran (Islamic Republic of),2014-2016,9.5,Asia,,54.0,36.9,5.9,11.0
Ireland,2020-2022,2.4,Europe,109139.4009057163,,,,
Ireland,2019-2021,3.2,Europe,96743.05595993523,,,,5.0
Ireland,2018-2020,4.3,Europe,89455.6734532793,31.0,54.2,,5.0
Ireland,2017-2019,3.5,Europe,84131.01482165372,32.0,50.7,,5.0
Ireland,2016-2018,2.9,Europe,78071.48754441086,32.0,47.1,,6.0
Ireland,2015-2017,2.8,Europe,72860.3931115918,33.0,37.5,,6.0
Ireland,2014-2016,3.4,Europe,63916.8421523633,33.0,34.7,,6.0
Israel,2020-2022,3.1,Asia,44597.65377190684,,,,
Israel,2019-2021,2.0,Asia,41740.28062854193,,,14.1,10.0
Israel,2018-2020,1.9,Asia,40462.72778072845,34.0,95.9,14.1,9.0
Israel,2017-2019,1.7,Asia,40205.684655781784,34.0,97.5,14.1,8.0
Israel,2016-2018,1.6,Asia,39296.13354803161,34.0,94.2,14.1,8.0
Israel,2015-2017,1.4,Asia,37840.25612918904,34.0,93.6,13.8,7.0
Israel,2014-2016,1.3,Asia,36270.980050441045,35.0,92.2,13.2,7.0
Italy,2020-2022,1.8,Europe,47238.13402000366,,,,
Italy,2019-2021,1.9,Europe,45216.39885869032,,,13.9,7.0
Italy,2018-2020,1.2,Europe,43993.4741490421,34.0,38.1,13.9,7.0
Italy,2017-2019,1.1,Europe,43472.37893970892,35.0,38.0,13.9,7.0
Italy,2016-2018,1.1,Europe,41514.77307681462,35.0,35.5,13.9,7.0
Italy,2015-2017,1.1,Europe,39469.153554217846,35.0,32.8,13.9,7.0
Italy,2014-2016,1.2,Europe,37673.737930316194,35.0,30.8,13.8,7.0
Jamaica,2020-2022,25.6,Central America/Caribbean,10715.640745568768,,,,
Jamaica,2019-2021,23.1,Central America/Caribbean,10334.726320291587,,,2.8,68.0
Jamaica,2018-2020,23.3,Central America/Caribbean,10269.34637063846,39.0,99.6,2.8,55.0
Jamaica,2017-2019,23.0,Central America/Caribbean,10356.150919945534,39.0,99.3,2.8,54.0
Jamaica,2016-2018,24.5,Central America/Caribbean,9974.483550586374,38.0,99.4,2.8,54.0
Jamaica,2015-2017,24.8,Central America/Caribbean,9538.11216760284,38.0,99.0,2.8,63.0
Jamaica,2014-2016,25.3,Central America/Caribbean,9150.957915776078,38.0,100.0,2.8,61.0
Japan,2020-2022,0.9,Asia,43363.496913716874,,,,
Japan,2019-2021,0.9,Asia,42262.909903444524,,,6.6,7.0
Japan,2018-2020,0.7,Asia,42032.271225008146,41.0,68.9,6.6,7.0
Japan,2017-2019,0.7,Asia,41952.3712783905,41.0,69.2,6.6,6.0
Japan,2016-2018,0.5,Asia,41394.373235355575,42.0,70.5,6.6,6.0
Kazakhstan,2020-2022,0.5,Asia,28801.286146364102,,,,
Kenya,2020-2022,28.0,Africa,5249.933073827063,,,,
Kenya,2019-2021,26.1,Africa,4927.414408201795,,,0.3,42.0
Kenya,2018-2020,24.9,Africa,4705.926999506963,57.0,41.1,0.3,40.0
Kenya,2017-2019,23.4,Africa,4560.470982959371,58.0,44.8,0.3,43.0
Kenya,2016-2018,21.6,Africa,4303.6335334893265,59.0,46.1,0.3,39.0
Kenya,2015-2017,17.8,Africa,4034.171449839443,60.0,46.2,0.3,38.0
Kenya,2014-2016,15.0,Africa,3736.950464322992,60.0,42.7,0.3,32.0
Kiribati,2020-2022,8.0,Oceania,2194.5932509683817,,,,
Kiribati,2019-2021,8.0,Oceania,2088.621290149301,,,,366.0
Kiribati,2018-2020,8.0,Oceania,2046.1976697742994,37.0,,,272.0
Kiribati,2017-2019,8.0,Oceania,2035.3651632374094,36.0,,,234.0
Kuwait,2020-2022,4.5,Asia,51604.837999206036,,,,
Kuwait,2019-2021,4.9,Asia,48693.2512250908,,,1.0,8.0
Kuwait,2018-2020,4.9,Asia,48607.99895770743,43.0,96.2,1.0,8.0
Kuwait,2017-2019,4.9,Asia,49816.13222214989,43.0,96.8,1.0,7.0
Kuwait,2016-2018,4.9,Asia,47935.14687393402,43.0,98.7,1.0,8.0
Kuwait,2015-2017,4.9,Asia,46677.50648364568,43.0,100.0,1.0,9.0
Kuwait,2014-2016,4.9,Asia,52930.49613629061,42.0,98.0,1.0,6.0
Kyrgyzstan,2020-2022,1.1,Asia,,,,,
Kyrgyzstan,2019-2021,1.0,Asia,,,,5.3,31.0
Kyrgyzstan,2018-2020,0.9,Asia,,53.0,18.5,5.3,26.0
Kyrgyzstan,2017-2019,0.8,Asia,,53.0,18.7,5.3,29.0
Kyrgyzstan,2016-2018,0.8,Asia,,54.0,16.2,5.3,28.0
Lao People's Democratic Republic,2020-2022,7.2,Asia,,,,,
Lao People's Democratic Republic,2019-2021,8.3,Asia,,,,1.9,13.0
Lao People's Democratic Republic,2018-2020,8.9,Asia,,63.0,-2.9,1.9,13.0
Latvia,2020-2022,1.0,Europe,35997.75558596323,,,,
Latvia,2019-2021,0.7,Europe,33654.95713519792,,,0.0,16.0
Latvia,2018-2020,0.7,Europe,32274.487072787335,33.0,-252.5,0.0,17.0
Latvia,2017-2019,0.6,Europe,30826.133482488774,35.0,-191.9,0.0,16.0
Latvia,2016-2018,0.6,Europe,28757.44384081438,36.0,-167.4,0.0,16.0
Latvia,2015-2017,0.6,Europe,26789.35856098525,37.0,-197.3,0.0,15.0
Latvia,2014-2016,0.6,Europe,25170.10411633361,37.0,-192.6,0.0,15.0
Lebanon,2020-2022,12.6,Asia,,,,,
Lebanon,2019-2021,10.2,Asia,15602.723668052791,,,8.8,52.0
Lebanon,2018-2020,6.8,Asia,16948.817831542983,44.0,92.7,8.8,62.0
Lebanon,2017-2019,4.2,Asia,18030.253282098274,44.0,94.7,8.8,68.0
Lesotho,2020-2022,32.8,Africa,2545.8974878830704,,,,
Lesotho,2019-2021,30.9,Africa,2499.722286157328,,,0.1,34.0
Lesotho,2018-2020,29.0,Africa,2510.4277568489174,69.0,100.0,0.1,26.0
Lesotho,2017-2019,27.0,Africa,2563.299566727743,70.0,95.2,0.1,26.0
Liberia,2020-2022,37.5,Africa,1585.6045604723986,,,,
Liberia,2019-2021,37.3,Africa,1516.3962532419903,,,0.0,60.0
Liberia,2018-2020,37.3,Africa,1512.343738381438,69.0,60.7,0.0,64.0
Liberia,2016-2018,38.3,Africa,1495.0906858243616,67.0,55.6,0.0,91.0
Liberia,2015-2017,38.4,Africa,1399.8505959934055,66.0,51.4,0.0,107.0
Liberia,2014-2016,38.6,Africa,1344.6030043220337,65.0,48.4,0.0,94.0
Libya,2020-2022,21.2,Africa,20747.453333693586,,,,
Libya,2019-2021,20.7,Africa,20786.190355047613,,,0.2,16.0
Libya,2018-2020,18.6,Africa,22113.341134684288,48.0,90.6,0.2,14.0
Libya,2017-2019,16.7,Africa,24685.64803666837,48.0,89.1,0.2,11.0
Libya,2016-2018,14.3,Africa,24145.837383335645,50.0,86.7,0.2,16.0
Libya,2015-2017,12.4,Africa,22749.273275239208,51.0,88.9,0.2,22.0
Libya,2014-2016,11.2,Africa,21614.833975326197,52.0,90.1,0.2,23.0
Lithuania,2020-2022,2.1,Europe,44123.312530484836,,,,
Lithuania,2019-2021,1.9,Europe,41310.28367356702,,,0.1,10.0
Lithuania,2018-2020,1.7,Europe,38836.86496646246,36.0,-194.2,0.1,10.0
Lithuania,2017-2019,1.1,Europe,36698.668699311376,37.0,-184.3,0.1,10.0
Lithuania,2016-2018,1.6,Europe,33687.85665768604,38.0,-223.4,0.1,10.0
Lithuania,2015-2017,2.0,Europe,31173.823256422813,38.0,-217.3,0.1,10.0
Lithuania,2014-2016,2.5,Europe,29314.69028661941,38.0,-181.8,0.1,11.0
Luxembourg,2020-2022,0.6,Europe,131245.0267161841,,,,
Luxembourg,2019-2021,0.7,Europe,123687.66230241442,,,,15.0
Luxembourg,2018-2020,0.8,Europe,118683.49294437647,30.0,7.3,,14.0
Luxembourg,2017-2019,0.9,Europe,117008.70425361519,29.0,9.7,,14.0
Luxembourg,2016-2018,0.9,Europe,114949.84346639125,29.0,11.7,,13.0
Luxembourg,2015-2017,1.4,Europe,112070.2347725206,29.0,12.1,,12.0
Luxembourg,2014-2016,1.8,Europe,108840.38222326833,29.0,12.3,,12.0
Madagascar,2020-2022,12.2,Africa,1642.1543631037102,,,,
Madagascar,2019-2021,10.3,Africa,1601.7025756795613,,,1.9,26.0
Madagascar,2018-2020,9.9,Africa,1588.0430237018172,80.0,19.6,1.9,22.0
Madagascar,2017-2019,9.5,Africa,1598.5437545831435,80.0,21.1,1.9,21.0
Malawi,2020-2022,52.2,Africa,1650.1578470349486,,,,
Malawi,2019-2021,51.0,Africa,1600.1713075505238,,,1.0,31.0
Malawi,2018-2020,49.5,Africa,1556.3590808589095,65.0,4.4,1.0,28.0
Malawi,2017-2019,48.3,Africa,1516.938417432112,65.0,5.1,1.0,26.0
Malawi,2016-2018,49.7,Africa,1481.2880465651995,65.0,10.2,1.0,27.0
Malawi,2015-2017,48.5,Africa,1462.345503593108,66.0,11.8,1.0,27.0
Malawi,2014-2016,47.7,Africa,1494.8445663865552,67.0,11.3,1.0,22.0
Malaysia,2020-2022,6.0,Asia,29923.006758459713,,,,
Malaysia,2019-2021,6.3,Asia,28394.50124373997,,,1.3,6.0
Malaysia,2018-2020,6.6,Asia,27868.972689292743,41.0,73.7,1.3,5.0
Malaysia,2017-2019,6.7,Asia,27421.398433144106,42.0,73.6,1.3,5.0
Malaysia,2016-2018,6.7,Asia,26093.377894710575,42.0,71.7,1.3,6.0
Malaysia,2015-2017,6.7,Asia,24988.04614615602,42.0,70.6,1.3,6.0
Malaysia,2014-2016,7.8,Asia,24347.274669280258,42.0,73.9,1.3,6.0
Maldives,2020-2022,2.2,Asia,19883.118778101703,,,,
Maldives,2019-2021,2.2,Asia,18774.874076767635,,,,151.0
Malta,2020-2022,1.9,Europe,50276.15523997606,,,,
Malta,2019-2021,1.4,Europe,48040.64918746683,,,11.9,19.0
Malta,2018-2020,0.9,Europe,46568.296404243134,34.0,95.9,11.7,19.0
Malta,2017-2019,0.8,Europe,46095.94709475502,34.0,88.8,11.4,19.0
Malta,2016-2018,1.0,Europe,42924.04730824011,34.0,86.6,11.4,18.0
Malta,2015-2017,1.4,Europe,40223.18275913018,34.0,84.8,12.0,18.0
Malta,2014-2016,1.5,Europe,37168.28573988674,33.0,87.1,12.6,18.0
Mauritania,2020-2022,9.5,Africa,5964.433113221069,,,,
Mauritania,2019-2021,7.2,Africa,5736.109878865912,,,0.0,26.0
Mauritania,2018-2020,6.6,Africa,5615.982822614792,56.0,58.6,0.0,27.0
Mauritania,2017-2019,5.9,Africa,5498.153240572872,55.0,,0.0,26.0
Mauritania,2016-2018,5.5,Africa,5194.972285059049,55.0,,0.0,27.0
Mauritania,2015-2017,5.0,Africa,4798.448728967112,55.0,,0.0,36.0
Mauritania,2014-2016,4.6,Africa,4509.788887969236,55.0,58.2,0.0,36.0
Mauritius,2020-2022,10.5,Africa,23774.22034904612,,,,
Mauritius,2019-2021,9.1,Africa,23032.433408946028,,,9.5,38.0
Mauritius,2018-2020,8.3,Africa,23201.61621490279,45.0,95.3,9.5,36.0
Mauritius,2017-2019,6.8,Africa,23465.42616871616,45.0,89.5,9.5,34.0
Mauritius,2016-2018,6.2,Africa,22341.468667814886,46.0,95.2,9.5,32.0
Mauritius,2015-2017,5.9,Africa,21065.379048537197,47.0,93.7,9.5,29.0
Mauritius,2014-2016,5.2,Africa,19975.710458779027,47.0,100.0,9.5,26.0
Mexico,2020-2022,3.6,North America,19870.89183932617,,,,
Mexico,2019-2021,3.7,North America,19441.56562278343,,,3.8,5.0
Mexico,2018-2020,3.9,North America,19731.73822652787,43.0,39.1,3.7,5.0
Mexico,2017-2019,3.7,North America,20235.2070422469,42.0,37.0,3.6,5.0
Mexico,2016-2018,3.3,North America,20031.159572988352,42.0,33.1,3.5,5.0
Mexico,2015-2017,3.3,North America,19402.092620946114,42.0,31.4,3.5,5.0
Mexico,2014-2016,3.6,North America,18824.60814745067,43.0,29.8,3.4,6.0
Montenegro,2020-2022,3.3,Europe,23645.124892653344,,,,
Montenegro,2019-2021,3.4,Europe,22581.245728785085,,,0.2,119.0
Montenegro,2018-2020,2.8,Europe,21938.894350356306,33.0,87.7,0.2,120.0
Montenegro,2017-2019,2.2,Europe,21662.717300174,33.0,87.9,0.2,124.0
Montenegro,2016-2018,2.3,Europe,19798.342539076653,32.0,90.2,0.2,127.0
Montenegro,2015-2017,2.2,Europe,18071.48109893187,32.0,92.3,0.2,130.0
Montenegro,2014-2016,2.1,Europe,16634.451116893277,32.0,93.5,0.2,132.0
Mozambique,2020-2022,39.6,Africa,1374.6565190354424,,,,
Mozambique,2019-2021,40.4,Africa,1331.9628816561244,,,0.2,29.0
Mozambique,2018-2020,40.5,Africa,1322.0607445435319,70.0,45.9,0.2,28.0
Mozambique,2017-2019,40.7,Africa,1316.9677977432939,69.0,47.4,0.2,28.0
Mozambique,2016-2018,40.7,Africa,1327.1531488448895,68.0,48.2,0.2,28.0
Myanmar,2020-2022,5.0,Asia,4848.018150700321,,,,
Myanmar,2019-2021,3.7,Asia,4902.798641797569,,,3.5,12.0
Myanmar,2018-2020,1.9,Asia,4974.792954880042,48.0,-12.5,3.5,13.0
Namibia,2020-2022,33.0,Africa,10305.07520314692,,,,
Namibia,2019-2021,32.6,Africa,10047.871812563442,,,0.0,13.0
Namibia,2018-2020,32.1,Africa,10165.101389920315,55.0,69.2,0.0,14.0
Namibia,2017-2019,31.3,Africa,10427.446215778305,55.0,70.5,0.0,16.0
Namibia,2016-2018,30.5,Africa,10477.020321218082,55.0,69.3,0.0,16.0
Namibia,2015-2017,29.6,Africa,10567.120057993934,54.0,69.8,0.0,18.0
Namibia,2014-2016,28.8,Africa,10658.434210707574,54.0,70.0,0.0,18.0
Nepal,2020-2022,13.2,Asia,4316.643914139621,,,,
Nepal,2019-2021,13.6,Asia,4104.437285886471,,,9.5,198.0
Nepal,2018-2020,12.0,Asia,3956.5529320654387,65.0,14.2,9.5,216.0
Nepal,2017-2019,10.3,Asia,3797.5574244573277,65.0,13.6,9.5,208.0
Nepal,2016-2018,9.6,Asia,3409.9276865870343,65.0,14.7,9.5,214.0
Nepal,2015-2017,9.6,Asia,3117.560480516411,65.0,14.2,9.5,188.0
Nepal,2014-2016,10.4,Asia,2914.9280714606507,66.0,13.5,9.5,161.0
Netherlands (Kingdom of the),2020-2022,1.4,Europe,,,,,
Netherlands (Kingdom of the),2019-2021,1.4,Europe,,,,15.5,8.0
Netherlands (Kingdom of the),2018-2020,1.4,Europe,,28.0,85.9,15.5,8.0
Netherlands (Kingdom of the),2017-2019,1.7,Europe,,29.0,85.6,15.5,8.0
Netherlands (Kingdom of the),2016-2018,1.5,Europe,,28.0,85.6,15.5,8.0
Netherlands (Kingdom of the),2015-2017,1.7,Europe,,28.0,84.3,15.4,8.0
Netherlands (Kingdom of the),2014-2016,1.5,Europe,,27.0,83.9,15.3,7.0
New Zealand,2020-2022,3.3,Oceania,48655.22284214962,,,,
New Zealand,2019-2021,3.5,Oceania,46617.07632297112,,,2.8,10.0
New Zealand,2018-2020,3.9,Oceania,44638.26159049873,32.0,44.8,2.8,10.0
New Zealand,2017-2019,4.4,Oceania,43521.532524526185,32.0,46.2,2.8,10.0
New Zealand,2016-2018,4.2,Oceania,41548.58299898493,32.0,43.3,2.8,10.0
New Zealand,2015-2017,3.3,Oceania,39872.66772162751,32.0,41.6,2.8,10.0
New Zealand,2014-2016,2.8,Oceania,38235.53806956268,32.0,40.2,2.8,9.0
Niger,2020-2022,30.5,Africa,1365.7194726105974,,,,
Niger,2018-2020,16.6,Africa,1257.8698411217604,61.0,13.7,0.2,65.0
Niger,2017-2019,11.9,Africa,1215.6684219615781,61.0,9.1,0.1,53.0
Niger,2016-2018,10.0,Africa,1174.645466161376,63.0,5.4,0.1,48.0
Nigeria,2020-2022,21.3,Africa,5476.603783136775,,,,
Nigeria,2019-2021,19.8,Africa,5287.060194416571,,,0.4,14.0
Nigeria,2018-2020,17.3,Africa,5213.800080830054,67.0,17.6,0.4,11.0
Nigeria,2017-2019,15.1,Africa,5207.935812737179,67.0,17.1,0.4,10.0
Nigeria,2016-2018,13.6,Africa,5163.908304269127,67.0,16.2,0.4,12.0
Nigeria,2015-2017,12.3,Africa,5207.207344391826,67.0,17.4,0.4,14.0
Nigeria,2014-2016,11.0,Africa,5305.825881887083,67.0,18.2,0.4,10.0
North Macedonia,2020-2022,6.9,Europe,18610.305732252476,,,,
North Macedonia,2019-2021,6.0,Europe,17892.11701736684,,,5.1,12.0
North Macedonia,2018-2020,5.0,Europe,17376.142976732706,35.0,24.4,5.1,11.0
North Macedonia,2017-2019,3.2,Europe,16836.685129979614,36.0,27.7,5.1,12.0
North Macedonia,2016-2018,3.1,Europe,15880.268380548565,36.0,26.6,5.1,13.0
North Macedonia,2015-2017,3.1,Europe,14910.906117962046,37.0,30.2,5.1,14.0
North Macedonia,2014-2016,3.6,Europe,14153.694800270028,37.0,25.9,5.1,14.0
Norway,2020-2022,1.2,Europe,87298.57575259356,,,,
Norway,2019-2021,1.0,Europe,72304.44806817417,,,0.2,5.0
Norway,2018-2020,1.0,Europe,68433.4651296034,33.0,44.6,0.2,6.0
Norway,2017-2019,1.1,Europe,68253.2597071119,32.0,43.8,0.2,5.0
Norway,2016-2018,1.1,Europe,64707.86716396918,32.0,42.0,0.2,5.0
Norway,2015-2017,1.2,Europe,61535.880645282356,32.0,33.0,0.2,5.0
Norway,2014-2016,1.1,Europe,62116.849151193506,32.0,36.3,0.2,5.0
Pakistan,2020-2022,12.9,Asia,5831.759388037041,,,,
Pakistan,2019-2021,8.7,Asia,5478.13320602756,,,25.9,28.0
Pakistan,2018-2020,4.8,Asia,5299.104316605459,50.0,-20.2,25.9,26.0
Pakistan,2017-2019,1.6,Asia,5168.122713155936,50.0,-21.4,25.9,25.0
Pakistan,2016-2018,1.3,Asia,4953.87670808244,51.0,-18.1,25.9,27.0
Pakistan,2015-2017,0.8,Asia,4759.2919163308825,51.0,-17.3,25.9,26.0
Pakistan,2014-2016,0.9,Asia,4620.072713814339,51.0,-18.0,25.9,23.0
Palestine,2020-2022,4.0,Asia,,,,,
Palestine,2019-2021,3.7,Asia,,,,21.0,37.0
Palestine,2018-2020,3.8,Asia,,,,22.3,45.0
Palestine,2017-2019,4.2,Asia,,,,22.6,47.0
Palestine,2016-2018,4.4,Asia,,,,21.7,48.0
Paraguay,2020-2022,6.1,South America,15043.97015269183,,,,
Paraguay,2019-2021,5.6,South America,14447.175328524514,,,0.4,9.0
Paraguay,2018-2020,5.2,South America,14143.875343186635,50.0,-74.6,0.4,9.0
Paraguay,2017-2019,4.1,South America,13990.84234873524,49.0,-72.4,0.4,9.0
Paraguay,2016-2018,2.6,South America,13603.249919413429,48.0,-63.4,0.4,9.0
Paraguay,2015-2017,1.5,South America,13021.519763636648,48.0,-116.1,0.4,8.0
Paraguay,2014-2016,1.2,South America,12623.895554596804,48.0,-216.9,0.4,8.0
Philippines,2020-2022,5.7,Asia,9091.666348970764,,,,
Philippines,2019-2021,4.8,Asia,8747.997463438769,,,6.7,16.0
Philippines,2018-2020,4.0,Asia,8625.902728083283,61.0,28.5,6.6,15.0
Philippines,2017-2019,3.2,Asia,8556.931759382833,60.0,26.9,6.5,14.0
Poland,2020-2022,1.0,Europe,38906.36478706167,,,,
Poland,2019-2021,0.9,Europe,36142.198364581476,,,1.9,6.0
Poland,2016-2018,0.7,Europe,30050.519998558855,38.0,-15.0,1.2,6.0
Poland,2015-2017,1.2,Europe,28315.540503320462,38.0,-18.1,0.9,6.0
Poland,2014-2016,1.8,Europe,26768.2774484496,38.0,-19.3,0.7,6.0
Portugal,2020-2022,3.9,Europe,37681.77977483126,,,,
Portugal,2019-2021,3.2,Europe,36297.67074207169,,,6.2,14.0
Portugal,2018-2020,3.2,Europe,35727.84559648519,31.0,74.8,6.2,14.0
Portugal,2017-2019,2.9,Europe,35090.849346646195,32.0,75.2,6.1,13.0
Portugal,2016-2018,3.2,Europe,33193.67150523195,32.0,74.3,6.0,13.0
Portugal,2015-2017,3.5,Europe,31437.789016391278,33.0,72.1,6.0,13.0
Portugal,2014-2016,4.1,Europe,30003.69689625894,33.0,71.3,6.0,13.0
Republic of Korea,2020-2022,0.8,Asia,,,,,
Republic of Korea,2019-2021,0.7,Asia,,,,7.2,4.0
Republic of Korea,2018-2020,0.6,Asia,,35.0,76.0,7.2,4.0
Republic of Moldova,2020-2022,4.8,Europe,,,,,
Republic of Moldova,2019-2021,4.9,Europe,,,,6.6,24.0
Republic of Moldova,2018-2020,4.5,Europe,,49.0,-57.1,6.7,23.0
Republic of Moldova,2017-2019,4.0,Europe,,49.0,-50.6,6.8,21.0
Republic of Moldova,2016-2018,2.9,Europe,,49.0,-47.4,6.9,21.0
Republic of Moldova,2015-2017,2.2,Europe,,49.0,-44.2,6.9,21.0
Republic of Moldova,2014-2016,1.6,Europe,,49.0,-43.9,6.9,22.0
Romania,2020-2022,5.7,Europe,37167.14240027699,,,,
Romania,2019-2021,3.7,Europe,34226.70493505884,,,13.7,11.0
Romania,2018-2020,3.4,Europe,31990.325804683638,41.0,-51.4,13.7,10.0
Romania,2017-2019,3.4,Europe,29859.381351726563,41.0,-41.3,13.7,9.0
Romania,2016-2018,4.0,Europe,26805.412801900824,40.0,-44.1,13.7,9.0
Romania,2015-2017,4.8,Europe,24157.52499033288,40.0,-59.1,13.7,9.0
Romania,2014-2016,5.6,Europe,22053.81616686711,41.0,-68.5,13.7,8.0
Russian Federation,2016-2018,0.6,Europe,,41.0,-68.1,0.3,6.0
Russian Federation,2015-2017,0.7,Europe,,42.0,-42.3,0.3,7.0
Russian Federation,2014-2016,0.7,Europe,,42.0,-39.2,0.3,7.0
Saint Kitts and Nevis,2020-2022,5.6,Central America/Caribbean,,,,,
Saint Kitts and Nevis,2019-2021,6.4,Central America/Caribbean,,,,0.1,69.0
Saint Kitts and Nevis,2018-2020,7.2,Central America/Caribbean,,29.0,,0.1,76.0
Saint Kitts and Nevis,2017-2019,8.1,Central America/Caribbean,,27.0,,0.1,95.0
Saint Kitts and Nevis,2016-2018,8.1,Central America/Caribbean,,27.0,,0.1,120.0
Saint Kitts and Nevis,2015-2017,8.1,Central America/Caribbean,,28.0,,0.1,127.0
Saint Kitts and Nevis,2014-2016,8.1,Central America/Caribbean,,30.0,,0.1,101.0
Saint Lucia,2020-2022,4.5,Central America/Caribbean,,,,,
Saint Lucia,2016-2018,4.5,Central America/Caribbean,,35.0,100.0,4.9,117.0
Saint Lucia,2015-2017,4.5,Central America/Caribbean,,35.0,98.8,4.9,97.0
Saint Lucia,2014-2016,4.5,Central America/Caribbean,,35.0,96.4,4.9,88.0
Saint Vincent and the Grenadines,2020-2022,10.3,Central America/Caribbean,,,,,
Saint Vincent and the Grenadines,2019-2021,10.3,Central America/Caribbean,,,,1.3,165.0
Saint Vincent and the Grenadines,2018-2020,10.3,Central America/Caribbean,,33.0,89.6,1.3,182.0
Saint Vincent and the Grenadines,2017-2019,10.3,Central America/Caribbean,,34.0,97.3,1.3,210.0
Saint Vincent and the Grenadines,2016-2018,10.3,Central America/Caribbean,,36.0,100.0,1.3,193.0
Samoa,2020-2022,3.4,Oceania,6183.331213681505,,,,
Samoa,2019-2021,3.4,Oceania,6374.748476145836,,,,224.0
Samoa,2018-2020,3.4,Oceania,6434.897053954076,38.0,,,204.0
Samoa,2017-2019,3.4,Oceania,6380.513968345141,34.0,98.6,,193.0
Samoa,2016-2018,3.4,Oceania,6208.366524181652,31.0,,,180.0
Sao Tome and Principe,2020-2022,14.1,Africa,,,,,
Sao Tome and Principe,2019-2021,14.1,Africa,,,,10.4,310.0
Senegal,2020-2022,11.1,Africa,3885.975688178838,,,,
Senegal,2019-2021,11.2,Africa,3674.978925551361,,,0.6,40.0
Senegal,2018-2020,10.0,Africa,3533.2798497285107,63.0,43.3,0.6,42.0
Senegal,2017-2019,8.7,Africa,3428.3384004151417,63.0,44.7,0.6,44.0
Senegal,2016-2018,7.0,Africa,3278.490798357035,64.0,46.5,0.6,48.0
Senegal,2015-2017,7.2,Africa,3134.3250134162886,64.0,47.8,0.6,50.0
Senegal,2014-2016,7.5,Africa,3005.3007570873256,63.0,54.0,0.6,51.0
Serbia,2020-2022,4.1,Europe,21705.36896694655,,,,
Serbia,2019-2021,3.8,Europe,20203.278041861133,,,0.7,9.0
Serbia,2018-2020,2.6,Europe,18893.498648205135,43.0,-52.6,0.7,8.0
Serbia,2017-2019,2.0,Europe,17911.322503476542,43.0,-51.8,0.8,8.0
Serbia,2016-2018,1.9,Europe,16729.016628211564,42.0,-45.9,0.8,7.0
Serbia,2015-2017,2.3,Europe,15799.165187234854,43.0,-54.7,0.8,8.0
Serbia,2014-2016,1.7,Europe,15148.688170014846,42.0,-45.2,0.9,8.0
Seychelles,2020-2022,3.3,Africa,31217.059333029592,,,,
Seychelles,2016-2018,3.2,Africa,27451.639891126426,38.0,98.5,0.7,29.0
Seychelles,2015-2017,3.2,Africa,25969.706033573642,38.0,100.0,0.7,31.0
Seychelles,2014-2016,3.2,Africa,25085.116456881748,39.0,,0.7,28.0
Sierra Leone,2020-2022,31.9,Africa,1796.0700816429162,,,,
Sierra Leone,2019-2021,31.5,Africa,1727.737467103015,,,0.4,72.0
Sierra Leone,2018-2020,32.2,Africa,1683.4394667780052,68.0,38.8,0.4,70.0
Sierra Leone,2017-2019,32.4,Africa,1656.2070505811014,69.0,40.3,0.4,59.0
Sierra Leone,2016-2018,32.6,Africa,1627.95121072108,70.0,39.5,0.4,57.0
Sierra Leone,2015-2017,32.0,Africa,1600.9331147382134,70.0,40.5,0.4,61.0
Sierra Leone,2014-2016,26.7,Africa,1655.337452479115,69.0,35.7,0.4,38.0
Singapore,2020-2022,1.7,Asia,115559.58236805676,,,,
Singapore,2019-2021,0.7,Asia,107248.37455755746,,,,3.0
Singapore,2018-2020,0.9,Asia,101166.68459428124,,,,3.0
Singapore,2017-2019,1.4,Asia,99535.94362899665,,,,3.0
Singapore,2016-2018,1.4,Asia,95157.30439802691,,,,3.0
Singapore,2015-2017,1.2,Asia,90601.30288037263,,,,3.0
Singapore,2014-2016,1.0,Asia,86964.31813856632,,,,3.0
Slovakia,2020-2022,1.8,Europe,,,,,
Slovakia,2019-2021,1.6,Europe,,,,1.3,5.0
Slovakia,2018-2020,1.1,Europe,,31.0,-49.8,1.3,5.0
Slovakia,2017-2019,0.8,Europe,,30.0,-74.7,1.3,5.0
Slovakia,2016-2018,0.9,Europe,,30.0,-85.5,1.3,5.0
Slovakia,2015-2017,0.9,Europe,,32.0,-107.9,1.3,5.0
Slovakia,2014-2016,1.1,Europe,,35.0,-67.1,1.3,5.0
Slovenia,2020-2022,0.9,Europe,44959.23293155638,,,,
Slovenia,2019-2021,0.6,Europe,42311.59122545454,,,0.3,6.0
Slovenia,2016-2018,0.6,Europe,36471.80707386422,40.0,29.3,0.3,6.0
Slovenia,2015-2017,0.8,Europe,34023.948093734194,40.0,28.5,0.3,6.0
Slovenia,2014-2016,0.9,Europe,32144.771635430676,41.0,28.7,0.3,6.0
Somalia,2020-2022,43.4,Africa,1269.6705948734188,,,,
Somalia,2019-2021,41.7,Africa,1210.4906870632437,,,0.3,472.0
South Africa,2020-2022,9.0,Africa,14709.259454666166,,,,
South Africa,2019-2021,8.0,Africa,14220.874708703506,,,1.4,5.0
South Africa,2018-2020,7.5,Africa,14100.040212287638,51.0,7.8,1.4,6.0
South Africa,2017-2019,6.9,Africa,14238.932620306843,52.0,9.0,1.4,6.0
South Sudan,2020-2022,63.2,Africa,,,,,
South Sudan,2019-2021,62.3,Africa,,,,0.0,40.0
South Sudan,2018-2020,63.0,Africa,,,,0.0,28.0
South Sudan,2017-2019,63.7,Africa,,,,0.0,23.0
South Sudan,2016-2018,65.4,Africa,,,,0.0,22.0
Spain,2020-2022,1.8,Europe,41491.74501463113,,,,
Spain,2019-2021,2.0,Europe,40586.269371559334,,,7.9,8.0
Spain,2018-2020,1.8,Europe,40604.49299965558,27.0,36.4,7.9,8.0
Spain,2017-2019,1.7,Europe,41125.21284755623,27.0,41.9,7.9,8.0
Spain,2016-2018,1.4,Europe,39190.83299664388,27.0,38.1,7.9,8.0
Spain,2015-2017,1.3,Europe,37258.40182641193,27.0,38.6,7.9,8.0
Spain,2014-2016,1.1,Europe,35255.12452582652,28.0,34.8,7.8,8.0
Sri Lanka,2020-2022,1.2,Asia,14230.386316577466,,,,
Sri Lanka,2019-2021,1.1,Asia,14167.737217232983,,,10.3,18.0
Sri Lanka,2018-2020,0.9,Asia,13988.460566055806,58.0,20.9,10.3,17.0
Sri Lanka,2017-2019,0.7,Asia,13948.558009397888,58.0,32.4,10.3,17.0
Sri Lanka,2016-2018,0.6,Asia,13516.420113573402,58.0,32.0,10.3,18.0
Sri Lanka,2015-2017,0.6,Asia,12821.258821143638,58.0,29.6,10.2,19.0
Sri Lanka,2014-2016,0.7,Asia,12123.910399719118,58.0,23.0,10.2,18.0
Sudan,2020-2022,18.1,Africa,4130.614095052083,,,,
Sudan,2019-2021,17.4,Africa,4161.412923177083,,,1.0,55.0
Sudan,2018-2020,16.8,Africa,4284.677083333333,53.0,33.5,1.0,62.0
Sudan,2017-2019,16.4,Africa,4458.713053385417,54.0,25.9,1.0,58.0
Sudan,2016-2018,15.4,Africa,4627.195475260417,54.0,22.8,1.0,79.0
Sudan,2015-2017,14.4,Africa,4649.10205078125,53.0,29.3,1.0,72.0
Sudan,2014-2016,13.4,Africa,4625.797688802083,53.0,27.2,1.0,71.0
Suriname,2020-2022,7.2,South America,16700.705207746047,,,,
Suriname,2019-2021,7.2,South America,17237.9879598516,,,0.4,8.0
Sweden,2020-2022,1.4,Europe,60281.921743878316,,,,
Sweden,2019-2021,1.3,Europe,57557.22303451485,,,0.4,7.0
Sweden,2018-2020,1.2,Europe,55355.49441421053,30.0,-18.6,0.4,7.0
Sweden,2017-2019,1.2,Europe,53957.96169836852,30.0,-14.1,0.4,7.0
Sweden,2016-2018,1.0,Europe,51966.612570086145,29.0,-24.6,0.4,7.0
Sweden,2015-2017,1.0,Europe,50493.78016710008,28.0,-30.8,0.4,7.0
Sweden,2014-2016,0.8,Europe,48906.01846243133,28.0,-33.1,0.4,7.0
Switzerland,2020-2022,0.6,Europe,76796.34675577594,,,,
Switzerland,2017-2019,0.7,Europe,70517.0237836226,25.0,53.8,1.3,3.0
Switzerland,2016-2018,0.8,Europe,68744.35870610153,25.0,56.4,1.3,3.0
Switzerland,2015-2017,1.3,Europe,66936.4343675817,24.0,56.4,1.3,3.0
Switzerland,2014-2016,1.5,Europe,65344.28044136406,24.0,56.0,1.4,3.0
Thailand,2020-2022,1.3,Asia,19112.31964856193,,,,
Thailand,2019-2021,1.1,Asia,18475.22880951017,,,12.6,4.0
Thailand,2018-2020,0.8,Asia,18221.494313098767,49.0,-36.5,12.6,4.0
Thailand,2017-2019,0.7,Asia,17954.09020356976,47.0,-59.4,12.6,3.0
Thailand,2016-2018,0.7,Asia,17111.03756687965,47.0,-62.2,12.6,3.0
Thailand,2015-2017,0.7,Asia,16235.351183477143,47.0,-58.0,12.6,4.0
Thailand,2014-2016,0.7,Asia,15613.803617655401,48.0,-63.1,12.6,3.0
Togo,2020-2022,19.4,Africa,2381.787319067553,,,,
Togo,2019-2021,18.8,Africa,2232.829300379639,,,0.1,31.0
Togo,2018-2020,17.2,Africa,2137.8532654659953,69.0,21.2,0.1,29.0
Togo,2017-2019,16.9,Africa,2068.833477619723,70.0,19.8,0.1,26.0
Togo,2016-2018,15.8,Africa,1987.0106128589498,71.0,19.5,0.1,23.0
Togo,2015-2017,16.3,Africa,1916.3390125545495,71.0,18.7,0.1,22.0
Togo,2014-2016,16.1,Africa,1848.0791207525408,72.0,17.4,0.1,19.0
Tonga,2020-2022,3.7,Oceania,,,,,
Tonga,2019-2021,4.8,Oceania,6701.717433199633,,,,366.0
Tonga,2018-2020,6.0,Oceania,6588.602170588518,,,,365.0
Tonga,2017-2019,6.0,Oceania,6436.581083727316,,,,332.0
Trinidad and Tobago,2020-2022,10.2,Central America/Caribbean,25966.752074065447,,,,
Trinidad and Tobago,2019-2021,10.2,Central America/Caribbean,25500.658885993966,,,1.4,12.0
Tunisia,2020-2022,12.6,Africa,11521.2321201488,,,,
Tunisia,2019-2021,12.6,Africa,11219.710156049487,,,3.2,14.0
Tunisia,2018-2020,10.7,Africa,11166.637579493203,49.0,65.4,3.2,13.0
Tunisia,2017-2019,9.7,Africa,11257.446116974854,49.0,63.4,3.2,13.0
Tunisia,2016-2018,9.1,Africa,10940.562599803197,50.0,70.1,3.1,13.0
Tunisia,2015-2017,9.3,Africa,10660.22061427021,50.0,71.5,3.1,14.0
Tunisia,2014-2016,9.1,Africa,10592.549118111368,50.0,66.8,3.1,13.0
Uganda,2020-2022,24.9,Africa,2512.875932858387,,,,
Uganda,2019-2021,23.2,Africa,2396.751060675538,,,0.1,21.0
Uganda,2018-2020,23.4,Africa,2316.970252269833,43.0,8.9,0.1,22.0
Uganda,2017-2019,24.9,Africa,2237.773071555736,44.0,8.4,0.1,24.0
Uganda,2016-2018,25.6,Africa,2169.6676247611854,46.0,5.4,0.1,26.0
Uganda,2015-2017,24.0,Africa,2146.919447967135,46.0,5.1,0.1,27.0
Uganda,2014-2016,21.5,Africa,2144.605285228849,46.0,5.1,0.1,29.0
Ukraine,2020-2022,4.3,Europe,13354.3583984375,,,,
Ukraine,2019-2021,3.2,Europe,13579.954752604166,,,3.7,8.0
Ukraine,2018-2020,2.5,Europe,13028.112630208334,45.0,-334.7,3.7,8.0
Ukraine,2017-2019,1.6,Europe,12614.0341796875,46.0,-242.8,3.7,8.0
Ukraine,2016-2018,2.0,Europe,11880.7568359375,48.0,-201.2,3.7,7.0
Ukraine,2015-2017,2.2,Europe,11057.694661458334,49.0,-206.4,3.7,7.0
Ukraine,2014-2016,2.0,Europe,10685.369791666666,46.0,-156.3,3.7,7.0
United Arab Emirates,2020-2022,1.2,Asia,78712.05242738801,,,,
United Arab Emirates,2019-2021,0.8,Asia,74411.16147800085,,,1.3,4.0
United Kingdom of Great Britain and Northern Ireland,2020-2022,1.6,Europe,,,,,
United Kingdom of Great Britain and Northern Ireland,2019-2021,1.1,Europe,,,,0.9,12.0
United Kingdom of Great Britain and Northern Ireland,2018-2020,0.7,Europe,,33.0,15.1,0.9,12.0
United Kingdom of Great Britain and Northern Ireland,2017-2019,1.3,Europe,,33.0,12.1,0.8,11.0
United Kingdom of Great Britain and Northern Ireland,2016-2018,1.7,Europe,,33.0,8.5,0.8,11.0
United Kingdom of Great Britain and Northern Ireland,2015-2017,2.1,Europe,,33.0,3.8,0.7,11.0
United Kingdom of Great Britain and Northern Ireland,2014-2016,1.9,Europe,,33.0,2.7,0.6,11.0
United Republic of Tanzania,2020-2022,26.3,Africa,,,,,
United Republic of Tanzania,2019-2021,25.8,Africa,,,,0.4,11.0
United Republic of Tanzania,2018-2020,24.4,Africa,,57.0,2.6,0.4,11.0
United Republic of Tanzania,2017-2019,24.9,Africa,,56.0,3.3,0.4,14.0
United Republic of Tanzania,2016-2018,25.6,Africa,,56.0,3.6,0.4,16.0
United Republic of Tanzania,2015-2017,24.8,Africa,,55.0,6.6,0.4,16.0
United Republic of Tanzania,2014-2016,20.6,Africa,,55.0,6.0,0.4,18.0
United States of America,2020-2022,0.7,North America,,,,,
United States of America,2019-2021,0.7,North America,,,,2.9,9.0
United States of America,2018-2020,0.8,North America,,24.0,-23.2,2.9,8.0
United States of America,2017-2019,0.8,North America,,24.0,-23.0,2.9,8.0
United States of America,2016-2018,0.9,North America,,24.0,-22.8,2.9,8.0
United States of America,2015-2017,1.0,North America,,24.0,-20.8,2.9,8.0
United States of America,2014-2016,1.1,North America,,24.0,-19.8,2.9,7.0
Uruguay,2020-2022,2.9,South America,25938.394276730385,,,,
Uruguay,2019-2021,2.5,South America,24508.31443266996,,,1.5,14.0
Uruguay,2018-2020,2.1,South America,23937.308673194497,38.0,-113.1,1.5,14.0
Uruguay,2017-2019,1.7,South America,23962.293228380917,38.0,-95.6,1.5,13.0
Uruguay,2016-2018,1.7,South America,23317.94176436606,39.0,-109.9,1.5,13.0
Uruguay,2015-2017,1.7,South America,22650.73278657041,39.0,-105.1,1.5,12.0
Uruguay,2014-2016,1.7,South America,22070.859041212552,39.0,-123.8,1.5,12.0
Uzbekistan,2020-2022,6.8,Asia,8654.233757988723,,,,
Uzbekistan,2019-2021,5.6,Asia,8049.311175404553,,,9.8,16.0
Uzbekistan,2018-2020,4.0,Asia,7609.911858894739,50.0,29.1,9.8,14.0
Uzbekistan,2017-2019,2.8,Asia,7282.594492749354,50.0,26.4,9.8,13.0
Uzbekistan,2016-2018,2.2,Asia,6975.648084335339,50.0,25.0,9.8,13.0
Uzbekistan,2015-2017,2.1,Asia,6772.599817596239,50.0,20.2,9.8,13.0
Uzbekistan,2014-2016,1.9,Asia,6657.316511224103,50.0,19.8,9.8,14.0
Vanuatu,2020-2022,2.4,Oceania,3129.419754117463,,,,
Vanuatu,2019-2021,2.4,Oceania,3099.8010164310604,,,,140.0
Vanuatu,2018-2020,2.4,Oceania,3109.1587958144614,50.0,100.0,,120.0
Vanuatu,2017-2019,2.4,Oceania,3116.7226409166615,49.0,100.0,,127.0
Viet Nam,2020-2022,1.2,Asia,12073.44922873319,,,,
Viet Nam,2019-2021,0.6,Asia,11150.200105162528,,,14.6,6.0
Viet Nam,2018-2020,0.5,Asia,10530.157487835937,56.0,10.3,14.6,5.0
Yemen,2020-2022,12.8,Asia,,,,,
Yemen,2019-2021,11.9,Asia,,,,1.3,259.0
Yemen,2018-2020,10.3,Asia,,65.0,92.8,1.3,232.0
Yemen,2017-2019,9.5,Asia,,66.0,94.0,1.3,183.0
Yemen,2016-2018,11.3,Asia,,66.0,96.3,1.3,236.0
Yemen,2015-2017,12.3,Asia,,66.0,94.3,1.3,211.0
Yemen,2014-2016,12.3,Asia,,65.0,88.8,1.3,96.0
Zambia,2020-2022,32.1,Africa,3609.3168378914393,,,,
Zambia,2019-2021,32.6,Africa,3483.0082995937773,,,0.2,5.0
Zambia,2018-2020,28.2,Africa,3461.8914229009993,73.0,-0.1,0.2,4.0
Zambia,2017-2019,26.2,Africa,3473.0583617473894,72.0,-1.9,0.2,4.0
Zambia,2016-2018,24.1,Africa,3408.789786473377,71.0,-9.7,0.2,4.0
Zambia,2015-2017,23.8,Africa,3356.8611626860898,70.0,-23.9,0.2,5.0
Zambia,2014-2016,22.4,Africa,3379.5079492756527,69.0,-23.7,0.2,4.0
Zimbabwe,2020-2022,28.6,Africa,2322.1414050956096,,,,
Zimbabwe,2019-2021,31.3,Africa,2244.2078859574917,,,0.5,15.0
Zimbabwe,2018-2020,32.1,Africa,2285.3199617166374,53.0,60.3,0.5,14.0
Zimbabwe,2017-2019,34.2,Africa,2361.978707062081,53.0,56.9,0.5,13.0
Zimbabwe,2016-2018,35.9,Africa,2504.5144794345083,53.0,35.3,0.5,20.0
Zimbabwe,2015-2017,36.7,Africa,2557.1079595017695,53.0,48.0,0.5,25.0
Zimbabwe,2014-2016,35.5,Africa,2633.7572801793262,53.0,53.0,0.5,26.0
